{
  "store": {
    "id": "active-life-001",
    "name": "Active Life",
    "description": "Equipamentos e suplementos para potencializar seu desempenho esportivo",
    "primaryColor": "#10b981",
    "secondaryColor": "#3b82f6",
    "accentColor": "#f59e0b",
    "logo": "⚡",
    "whatsapp": "+5511947382615",
    "email": "vendas@activelife.com.br",
    "address": "Belo Horizonte, MG - Brasil",
    "social": {
      "instagram": "https://www.instagram.com/activelife/",
      "facebook": "https://www.facebook.com/activelife",
      "youtube": "https://youtube.com/@activelife"
    },
    "features": {
      "freeShipping": true,
      "sameDayDelivery": true,
      "returns": true,
      "support": true
    }
  },
  "products": [
    {
      "id": 1,
      "name": "Tênis de Corrida Amortecimento",
      "price": 299.99,
      "image": "https://images.unsplash.com/photo-1542291026-7eec264c27ff?w=400&h=500&fit=crop",
      "description": "Tênis running com tecnologia de amortecimento, solado antiderrapante, respirabilidade",
      "category": "Calçados"
    },
    {
      "id": 2,
      "name": "Whey Protein 900g Isolado",
      "price": 129.99,
      "image": "imagens/produto-2.webp",
      "description": "Whey protein isolado, 24g de proteína por dose, baixo carboidrato, sabor chocolate",
      "category": "Suplementos",
      "imageFile": {},
      "_imageFileForExport": {}
    },
    {
      "id": 3,
      "name": "Kit Halteres 20kg Ajustável",
      "price": 199.99,
      "image": "imagens/produto-3.webp",
      "description": "Par de halteres ajustáveis 2x10kg, sistema de rosca rápida, estojo inclus",
      "category": "Musculação",
      "imageFile": {},
      "_imageFileForExport": {}
    },
    {
      "id": 4,
      "name": "Bicicleta Ergométrica Profissional",
      "price": 899.99,
      "image": "imagens/produto-4.webp",
      "description": "Bike ergométrica, 8 níveis resistência, monitor LCD, suporte para tablet",
      "category": "Cardio",
      "imageFile": {},
      "_imageFileForExport": {}
    },
    {
      "id": 5,
      "name": "Camiseta Dry Fit Esportiva",
      "price": 79.99,
      "image": "https://images.unsplash.com/photo-1523381210434-271e8be1f52b?w=400&h=500&fit=crop",
      "description": "Camiseta técnica dry fit, tecido respirável, proteção UV, várias cores",
      "category": "Vestuário"
    },
    {
      "id": 6,
      "name": "Smartwatch Esportivo GPS",
      "price": 349.99,
      "image": "https://images.unsplash.com/photo-1575311373937-040b8e1fd5b6?w=400&h=500&fit=crop",
      "description": "Relógio esportivo com GPS, monitor cardíaco, à prova d'água 50m, 20 modos",
      "category": "Tecnologia"
    },
    {
      "id": 7,
      "name": "Colchonete Yoga Premium 15mm",
      "price": 149.99,
      "image": "imagens/produto-7.webp",
      "description": "Colchonete antiderrapante 15mm, material ecológico, alça de transporte",
      "category": "Yoga",
      "imageFile": {},
      "_imageFileForExport": {}
    },
    {
      "id": 8,
      "name": "BCAA 300g em Pó",
      "price": 89.99,
      "image": "imagens/produto-8.webp",
      "description": "BCAA 2:1:1 em pó, sabor limão, recuperação muscular, zero açúcar",
      "category": "Suplementos",
      "imageFile": {},
      "_imageFileForExport": {}
    },
    {
      "id": 9,
      "name": "Mochila Hidratação 2L",
      "price": 179.99,
      "image": "https://images.unsplash.com/photo-1553062407-98eeb64c6a62?w=400&h=500&fit=crop",
      "description": "Mochila de hidratação para corrida, bolsa 2L, bolsos múltiplos, colete ajustável",
      "category": "Acessórios"
    },
    {
      "id": 10,
      "name": "Corda de Pular Profissional",
      "price": 49.99,
      "image": "imagens/produto-10.webp",
      "description": "Corda de pular speed, rolamentos de aço, contador digital, cabo ajustável",
      "category": "Cardio",
      "imageFile": {},
      "_imageFileForExport": {}
    }
  ],
  "exportedAt": "2025-11-29T03:34:40.397Z",
  "version": "1.0"
}