{
  "store": {
    "id": "doce-tentacao-001",
    "name": "Doce Tentação",
    "description": "Bolos artesanais e doces finos para momentos especiais",
    "primaryColor": "#f472b6",
    "secondaryColor": "#c084fc",
    "accentColor": "#fbbf24",
    "logo": "🎂",
    "whatsapp": "+5511975314682",
    "email": "encomendas@docetentacao.com.br",
    "address": "Salvador, BA - Brasil",
    "social": {
      "instagram": "https://www.instagram.com/docetentacao/",
      "facebook": "https://www.facebook.com/docetentacao",
      "whatsapp": "https://wa.me/5511975314682"
    },
    "features": {
      "freeShipping": false,
      "sameDayDelivery": true,
      "returns": false,
      "support": true
    }
  },
  "products": [
    {
      "id": 1,
      "name": "Bolo de Chocolate Belga 1kg",
      "price": 89.99,
      "image": "https://images.unsplash.com/photo-1578985545062-69928b1d9587?w=400&h=500&fit=crop",
      "description": "Bolo de chocolate belga 70%, recheio de ganache, cobertura espelhada, 1kg",
      "category": "Bolos"
    },
    {
      "id": 2,
      "name": "Brigadeiro Gourmet 30un",
      "price": 49.99,
      "image": "https://images.unsplash.com/photo-1586444248902-2f64eddc13df?w=400&h=500&fit=crop",
      "description": "Caixa com 30 brigadeiros gourmet, chocolate meio amargo, granulado especial",
      "category": "Doces Finos"
    },
    {
      "id": 3,
      "name": "Bolo Red Velvet 800g",
      "price": 79.99,
      "image": "https://images.unsplash.com/photo-1614707267537-b85aaf00c4b7?w=400&h=500&fit=crop",
      "description": "Bolo red velvet, cream cheese frosting, base de cacau, 800g",
      "category": "Bolos"
    },
    {
      "id": 4,
      "name": "Kit Mini Cupcakes 12un",
      "price": 65.99,
      "image": "https://images.unsplash.com/photo-1486427944299-d1955d23e34d?w=400&h=500&fit=crop",
      "description": "12 mini cupcakes variados: chocolate, baunilha, red velvet e limão",
      "category": "Cupcakes"
    },
    {
      "id": 5,
      "name": "Torta de Limão Merengue",
      "price": 59.99,
      "image": "imagens/produto-5.webp",
      "description": "Torta de limão siciliano, merengue italiano, base de biscoito, 600g",
      "category": "Tortas",
      "imageFile": {},
      "_imageFileForExport": {}
    },
    {
      "id": 6,
      "name": "Beijinho Coco Queimado 25un",
      "price": 42.99,
      "image": "https://images.unsplash.com/photo-1563729784474-d77dbb933a9e?w=400&h=500&fit=crop",
      "description": "25 beijinhos de coco queimado, leite condensado artesanal, coco fresco",
      "category": "Doces Finos"
    },
    {
      "id": 7,
      "name": "Bolo de Cenoura com Brigadeiro",
      "price": 69.99,
      "image": "imagens/produto-7.jpg",
      "description": "Bolo de cenoura fofinho, cobertura de brigadeiro cremoso, 900g",
      "category": "Bolos",
      "imageFile": {},
      "_imageFileForExport": {}
    },
    {
      "id": 8,
      "name": "Brownie Ninho com Nutella",
      "price": 39.99,
      "image": "https://images.unsplash.com/photo-1606313564200-e75d5e30476c?w=400&h=500&fit=crop",
      "description": "Brownie de chocolate com recheio de Ninho e Nutella, 400g",
      "category": "Sobremesas"
    },
    {
      "id": 9,
      "name": "Cheesecake de Morango",
      "price": 75.99,
      "image": "imagens/produto-9.jpg",
      "description": "Cheesecake de cream cheese, base de biscoito, calda de morango fresco",
      "category": "Tortas",
      "imageFile": {},
      "_imageFileForExport": {}
    },
    {
      "id": 10,
      "name": "Caixa Doces Sortidos 500g",
      "price": 15.99,
      "image": "imagens/produto-10.webp",
      "description": "Caixa com doces sortidos: brigadeiro, beijinho, cajuzinho, olho de sogra",
      "category": "Doces Finos",
      "imageFile": {},
      "_imageFileForExport": {}
    }
  ],
  "exportedAt": "2025-11-29T03:49:41.999Z",
  "version": "1.0"
}