{
  "store": {
    "id": "tech-galaxy-001",
    "name": "Tech Galaxy",
    "description": "Tecnologia de ponta e inovação para transformar seu mundo digital",
    "primaryColor": "#8b5cf6",
    "secondaryColor": "#06b6d4",
    "accentColor": "#f59e0b",
    "logo": "🚀",
    "whatsapp": "+5511975318642",
    "email": "vendas@techgalaxy.com.br",
    "address": "São Paulo, SP - Brasil",
    "social": {
      "instagram": "https://www.instagram.com/techgalaxy/",
      "facebook": "https://www.facebook.com/techgalaxy",
      "website": "https://www.techgalaxy.com.br"
    },
    "features": {
      "freeShipping": true,
      "sameDayDelivery": true,
      "returns": true,
      "support": true
    }
  },
  "products": [
    {
      "id": 1,
      "name": "MacBook Pro 14\" M3 Pro",
      "price": 18999.99,
      "image": "https://images.unsplash.com/photo-1517336714731-489689fd1ca8?w=400&h=500&fit=crop",
      "description": "MacBook Pro 14\" com chip M3 Pro, 18GB RAM, SSD 1TB, Liquid Retina XDR",
      "category": "Notebooks"
    },
    {
      "id": 2,
      "name": "iPhone 15 Pro Max 256GB",
      "price": 8999.99,
      "image": "https://images.unsplash.com/photo-1592750475338-74b7b21085ab?w=400&h=500&fit=crop",
      "description": "iPhone 15 Pro Max, titânio, câmera 48MP, A17 Pro, 256GB",
      "category": "Smartphones"
    },
    {
      "id": 3,
      "name": "Samsung Odyssey G9 49\"",
      "price": 6999.99,
      "image": "imagens/produto-3.webp",
      "description": "Monitor Curvo 49\" QLED, 240Hz, 1ms, QHD, HDR1000",
      "category": "Monitores",
      "imageFile": {},
      "_imageFileForExport": {}
    },
    {
      "id": 4,
      "name": "PlayStation 5 + 2 Controles",
      "price": 4599.99,
      "image": "https://images.unsplash.com/photo-1606813907291-d86efa9b94db?w=400&h=500&fit=crop",
      "description": "Console PS5, SSD 825GB, 2 controles DualSense, 4K 120fps",
      "category": "Games"
    },
    {
      "id": 5,
      "name": "Drone DJI Mavic 3 Pro",
      "price": 12999.99,
      "image": "https://images.unsplash.com/photo-1473968512647-3e447244af8f?w=400&h=500&fit=crop",
      "description": "Drone profissional, câmera Hasselblad, 4/3 CMOS, 46min voo",
      "category": "Drones"
    },
    {
      "id": 6,
      "name": "Apple Watch Ultra 2",
      "price": 5999.99,
      "image": "imagens/produto-6.jpg",
      "description": "Apple Watch Ultra 2, GPS + Cellular, 49mm, resistente 100m",
      "category": "Wearables",
      "imageFile": {},
      "_imageFileForExport": {}
    },
    {
      "id": 7,
      "name": "Headset Gamer Wireless",
      "price": 1299.99,
      "image": "https://images.unsplash.com/photo-1599669454699-248893623440?w=400&h=500&fit=crop",
      "description": "Headset 7.1 surround, RGB, bateria 30h, compatível multiplataforma",
      "category": "Periféricos"
    },
    {
      "id": 8,
      "name": "Tablet Samsung S9 Ultra",
      "price": 7599.99,
      "image": "https://images.unsplash.com/photo-1544244015-0df4b3ffc6b0?w=400&h=500&fit=crop",
      "description": "Tablet 14.6\" Super AMOLED, S Pen, 256GB, 5G, Android",
      "category": "Tablets"
    },
    {
      "id": 9,
      "name": "Câmera Sony Alpha 7 IV",
      "price": 13999.99,
      "image": "https://images.unsplash.com/photo-1502920917128-1aa500764cbd?w=400&h=500&fit=crop",
      "description": "Câmera mirrorless full-frame 33MP, 4K 60p, estabilização 5-axis",
      "category": "Fotografia"
    },
    {
      "id": 10,
      "name": "Smart Home Hub Premium",
      "price": 899.99,
      "image": "imagens/produto-10.jpg",
      "description": "Central smart home, compatível Alexa/Google, controle por voz",
      "category": "Casa Inteligente",
      "imageFile": {},
      "_imageFileForExport": {}
    }
  ],
  "exportedAt": "2025-11-29T02:36:23.506Z",
  "version": "1.0"
}