{
  "store": {
    "id": "global-dropship-001",
    "name": "Global Dropship",
    "description": "Produtos importados com entrega direta do fornecedor. Sem estoque, só oportunidades!",
    "primaryColor": "#f97316",
    "secondaryColor": "#ef4444",
    "accentColor": "#84cc16",
    "logo": "🌍",
    "whatsapp": "+5511968421753",
    "email": "atendimento@globaldropship.com.br",
    "address": "Curitiba, PR - Brasil",
    "social": {
      "instagram": "https://www.instagram.com/globaldropship/",
      "facebook": "https://www.facebook.com/globaldropship",
      "tiktok": "https://tiktok.com/@globaldropship"
    },
    "features": {
      "freeShipping": false,
      "sameDayDelivery": false,
      "returns": true,
      "support": true
    }
  },
  "products": [
    {
      "id": 1,
      "name": "Smart Band Fitness 1.47\"",
      "price": 89.99,
      "image": "https://images.unsplash.com/photo-1575311373937-040b8e1fd5b6?w=400&h=500&fit=crop",
      "description": "Pulseira inteligente, monitor cardíaco, 15 modalidades esportivas, à prova d'água",
      "category": "Tecnologia"
    },
    {
      "id": 2,
      "name": "Fone TWS Bluetooth 5.3",
      "price": 129.99,
      "image": "imagens/produto-2.webp",
      "description": "Fone sem fio, cancelamento de ruído, case carregador, autonomia 30h",
      "category": "Áudio",
      "imageFile": {},
      "_imageFileForExport": {}
    },
    {
      "id": 3,
      "name": "Kit Ferramentas 128 Peças",
      "price": 159.99,
      "image": "imagens/produto-3.jpg",
      "description": "Maleta com 128 peças, chaves, soquetes, alicates, organização profissional",
      "category": "Ferramentas",
      "imageFile": {},
      "_imageFileForExport": {}
    },
    {
      "id": 4,
      "name": "Luzes LED RGB 5m Smart",
      "price": 79.99,
      "image": "imagens/produto-4.webp",
      "description": "Fita LED 5 metros, 16 milhões de cores, controle app, compatível Alexa",
      "category": "Casa Inteligente",
      "imageFile": {},
      "_imageFileForExport": {}
    },
    {
      "id": 5,
      "name": "Suporte Notebook Ergonômico",
      "price": 69.99,
      "image": "https://images.unsplash.com/photo-1586953208448-b95a79798f07?w=400&h=500&fit=crop",
      "description": "Suporte ajustável alumínio, altura regulável, base antiderrapante",
      "category": "Escritório"
    },
    {
      "id": 6,
      "name": "Câmera Segurança WiFi 360°",
      "price": 199.99,
      "image": "https://images.unsplash.com/photo-1557597774-9d273605dfa9?w=400&h=500&fit=crop",
      "description": "Câmera IP, visão noturna, detecção movimento, two-way audio, app",
      "category": "Segurança"
    },
    {
      "id": 7,
      "name": "Purificador de Ar USB",
      "price": 149.99,
      "image": "imagens/produto-7.webp",
      "description": "Purificador ionizador, filtro HEPA, 4 velocidades, LED noturno, USB-C",
      "category": "Casa e Jardim",
      "imageFile": {},
      "_imageFileForExport": {}
    },
    {
      "id": 8,
      "name": "Mouse Gamer 7200DPI RGB",
      "price": 99.99,
      "image": "https://images.unsplash.com/photo-1527864550417-7fd91fc51a46?w=400&h=500&fit=crop",
      "description": "Mouse óptico, 7 botões, iluminação RGB, 7200 DPI, cabo trançado",
      "category": "Gamer"
    },
    {
      "id": 9,
      "name": "Carregador Portátil 20000mAh",
      "price": 119.99,
      "image": "imagens/produto-9.avif",
      "description": "Power bank PD 20W, 20000mAh, 3 saídas, entrada Type-C, display digital",
      "category": "Acessórios",
      "imageFile": {},
      "_imageFileForExport": {}
    },
    {
      "id": 10,
      "name": "Mini Drone com Câmera HD",
      "price": 249.99,
      "image": "https://images.unsplash.com/photo-1579829366248-204fe8413f31?w=400&h=500&fit=crop",
      "description": "Drone compacto, câmera 1080p, controle smartphone, altitude hold, 15min voo",
      "category": "Drones"
    }
  ],
  "exportedAt": "2025-11-29T03:21:26.233Z",
  "version": "1.0"
}