{
  "store": {
    "id": "moda-fashion-001",
    "name": "Style Fashion",
    "description": "Moda feminina com estilo e elegância para todos os momentos",
    "primaryColor": "#ec4899",
    "secondaryColor": "#a855f7",
    "accentColor": "#f43f5e",
    "logo": "👗",
    "whatsapp": "+5511999999999",
    "email": "contato@stylefashion.com",
    "address": "São Paulo, SP - Brasil",
    "social": {
      "instagram": "https://www.instagram.com/stylefashion/",
      "facebook": "https://www.facebook.com/stylefashion",
      "website": "https://www.stylefashion.com.br"
    },
    "features": {
      "freeShipping": true,
      "sameDayDelivery": false,
      "returns": true,
      "support": true
    }
  },
  "products": [
    {
      "id": 1,
      "name": "Vestido Midi Floral Verão",
      "price": 189.99,
      "image": "https://images.unsplash.com/photo-1595777457583-95e059d581b8?w=400&h=500&fit=crop",
      "description": "Vestido midi com estampa floral, tecido leve e confortável para o verão",
      "category": "Vestidos"
    },
    {
      "id": 2,
      "name": "Blusa de Seda Premium",
      "price": 159.99,
      "image": "https://images.unsplash.com/photo-1586790170083-2f9ceadc732d?w=400&h=500&fit=crop",
      "description": "Blusa de seda natural com corte elegante, perfeita para o trabalho",
      "category": "Blusas"
    },
    {
      "id": 3,
      "name": "Calça Jeans Skinny",
      "price": 129.99,
      "image": "https://images.unsplash.com/photo-1541099649105-f69ad21f3246?w=400&h=500&fit=crop",
      "description": "Calça jeans skinny de alta qualidade, modelagem moderna e confortável",
      "category": "Calças"
    },
    {
      "id": 4,
      "name": "Saia Plissada Mid-Calf",
      "price": 119.99,
      "image": "https://images.unsplash.com/photo-1594633312681-425c7b97ccd1?w=400&h=500&fit=crop",
      "description": "Saia plissada até a panturrilha, tecido fluido e movimento suave",
      "category": "Saias"
    },
    {
      "id": 5,
      "name": "Conjunto Short e Blazer",
      "price": 299.99,
      "image": "https://images.unsplash.com/photo-1490481651871-ab68de25d43d?w=400&h=500&fit=crop",
      "description": "Conjunto elegante com short alfaiataria e blazer combinando",
      "category": "Conjuntos"
    },
    {
      "id": 6,
      "name": "Bolsa de Couro Legítimo",
      "price": 349.99,
      "image": "https://images.unsplash.com/photo-1553062407-98eeb64c6a62?w=400&h=500&fit=crop",
      "description": "Bolsa em couro legítimo, múltiplos compartimentos, alça ajustável",
      "category": "Acessórios"
    },
    {
      "id": 7,
      "name": "Sandália Salto Bloco",
      "price": 179.99,
      "image": "https://images.unsplash.com/photo-1543163521-1bf539c55dd2?w=400&h=500&fit=crop",
      "description": "Sandália com salto bloco 8cm, couro sintético, palmilha acolchoada",
      "category": "Calçados"
    },
    {
      "id": 8,
      "name": "Jaqueta Jeans Oversized",
      "price": 199.99,
      "image": "https://images.unsplash.com/photo-1551028719-00167b16eac5?w=400&h=500&fit=crop",
      "description": "Jaqueta jeans oversized, caimento despojado, perfeita para looks casuais",
      "category": "Casacos"
    },
    {
      "id": 9,
      "name": "Macacão Alfaiataria",
      "price": 239.99,
      "image": "https://images.unsplash.com/photo-1591369822096-ffd140ec948f?w=400&h=500&fit=crop",
      "description": "Macacão estilo alfaiataria, corte reto, ideal para eventos sociais",
      "category": "Macacões"
    },
    {
      "id": 10,
      "name": "Colar Dourado Minimalista",
      "price": 89.99,
      "image": "https://images.unsplash.com/photo-1605100804763-247f67b3557e?w=400&h=500&fit=crop",
      "description": "Colar em banho de ouro, design minimalista, comprimento ajustável",
      "category": "Joias"
    }
  ],
  "exportedAt": "2025-11-29T00:39:30.897Z",
  "version": "1.0"
}
