{
  "store": {
    "id": "vitrine-store-001",
    "name": "vitrely",
    "description": "",
    "primaryColor": "#2563eb",
    "secondaryColor": "#7c3aed",
    "accentColor": "#059669",
    "logo": "🛍️",
    "whatsapp": "5581986437864",
    "email": "",
    "address": "",
    "social": {
      "instagram": "https://www.instagram.com/vitrelyoficial/",
      "facebook": "",
      "website": ""
    },
    "features": {
      "freeShipping": true,
      "sameDayDelivery": true,
      "returns": true,
      "support": true
    }
  },
  "products": [
    {
      "id": 1,
      "name": "Celular",
      "price": 1000,
      "image": "imagens/produto-1.jpeg",
      "description": "",
      "category": "Eletrônico",
      "imageFile": {},
      "_imageFileForExport": {}
    },
    {
      "id": 2,
      "name": "aa",
      "price": 0.02,
      "image": "imagens/produto-2.plain",
      "description": "",
      "category": "aa",
      "_imageFileForExport": {}
    },
    {
      "id": 3,
      "name": "zaaa",
      "price": 0.04,
      "image": "imagens/produto-3.plain",
      "description": "",
      "category": "a",
      "_imageFileForExport": {}
    }
  ],
  "exportedAt": "2025-11-26T19:22:38.005Z",
  "version": "1.0"
}