{
  "store": {
    "id": "beleza-natural-001",
    "name": "Beleza Natural",
    "description": "Cosméticos naturais e orgânicos para realçar sua beleza autêntica",
    "primaryColor": "#ec4899",
    "secondaryColor": "#c084fc",
    "accentColor": "#f472b6",
    "logo": "✨",
    "whatsapp": "+5511987654321",
    "email": "contato@belezanatural.com.br",
    "address": "Florianópolis, SC - Brasil",
    "social": {
      "instagram": "https://www.instagram.com/belezanatural/",
      "facebook": "https://www.facebook.com/belezanatural",
      "tiktok": "https://tiktok.com/@belezanatural"
    },
    "features": {
      "freeShipping": true,
      "sameDayDelivery": false,
      "returns": true,
      "support": true
    }
  },
  "products": [
    {
      "id": 1,
      "name": "Kit Hidratação Facial Natural",
      "price": 149.99,
      "image": "https://images.unsplash.com/photo-1596462502278-27bfdc403348?w=400&h=500&fit=crop",
      "description": "Kit completo: cleanser, tônico e hidratante facial com extrato de camomila e aloe vera",
      "category": "Skincare"
    },
    {
      "id": 2,
      "name": "Óleo Corporal de Maracujá",
      "price": 79.99,
      "image": "https://images.unsplash.com/photo-1608248543803-ba4f8c70ae0b?w=400&h=500&fit=crop",
      "description": "Óleo hidratante corporal com extrato de maracujá, vitamina E e manteiga de karité",
      "category": "Corpo"
    },
    {
      "id": 3,
      "name": "Batom Líquido Matte Vegano",
      "price": 49.99,
      "image": "https://images.unsplash.com/photo-1586495777744-4413f21062fa?w=400&h=500&fit=crop",
      "description": "Batom líquido matte, fórmula vegana, 12h de duração, 8 cores disponíveis",
      "category": "Maquiagem"
    },
    {
      "id": 4,
      "name": "Shampoo Sólido Antiqueda",
      "price": 39.99,
      "image": "imagens/produto-4.png",
      "description": "Shampoo sólido com biotina, óleo de rícino e alecrim para fortalecimento capilar",
      "category": "Cabelos",
      "imageFile": {},
      "_imageFileForExport": {}
    },
    {
      "id": 5,
      "name": "Serum Facial Vitamina C 20%",
      "price": 129.99,
      "image": "imagens/produto-5.jpg",
      "description": "Serum antioxidante com vitamina C pura, uniformiza tom e reduz manchas",
      "category": "Skincare",
      "imageFile": {},
      "_imageFileForExport": {}
    },
    {
      "id": 6,
      "name": "Perfume Natural Floral",
      "price": 159.99,
      "image": "https://images.unsplash.com/photo-1549465220-1a8b9238cd48?w=400&h=500&fit=crop",
      "description": "Perfume natural com notas de jasmim, lírio e baunilha, fixação 8h",
      "category": "Fragrâncias"
    },
    {
      "id": 7,
      "name": "Máscara Facial de Argila Verde",
      "price": 59.99,
      "image": "https://images.unsplash.com/photo-1556228578-8c89e6adf883?w=400&h=500&fit=crop",
      "description": "Máscara purificante de argila verde, controla oleosidade e fecha poros",
      "category": "Tratamentos"
    },
    {
      "id": 8,
      "name": "Condicionador Repair 500ml",
      "price": 69.99,
      "image": "https://images.unsplash.com/photo-1560743173-567a3b5658b1?w=400&h=500&fit=crop",
      "description": "Condicionador reparador com queratina vegetal e óleo de argan para cabelos danificados",
      "category": "Cabelos"
    },
    {
      "id": 9,
      "name": "Kit Pincéis Maquiagem Natural",
      "price": 89.99,
      "image": "https://images.unsplash.com/photo-1571781926291-c477ebfd024b?w=400&h=500&fit=crop",
      "description": "Kit com 8 pincéis profissionais, cerdas sintéticas macias, estojo inclus",
      "category": "Acessórios"
    },
    {
      "id": 10,
      "name": "Óleo Essencial Lavanda 10ml",
      "price": 45.99,
      "image": "imagens/produto-10.webp",
      "description": "Óleo essencial puro de lavanda, relaxante, para aromaterapia e massagem",
      "category": "Aromaterapia",
      "imageFile": {},
      "_imageFileForExport": {}
    }
  ],
  "exportedAt": "2025-11-29T03:27:37.235Z",
  "version": "1.0"
}