{
  "store": {
    "id": "vitrine-store-001",
    "name": "Pesque+",
    "description": "A melhor loja de pesca do brasil",
    "primaryColor": "#2563eb",
    "secondaryColor": "#42d719",
    "accentColor": "#059669",
    "logo": "🛍️",
    "whatsapp": "+5581986685786",
    "email": "ltbmateus@gmail.com",
    "address": "Abreu e lima, Pernambuco - Brasil",
    "social": {
      "instagram": "https://www.instagram.com/vitrelyoficial/",
      "facebook": "",
      "website": ""
    },
    "features": {
      "freeShipping": true,
      "sameDayDelivery": true,
      "returns": true,
      "support": true
    }
  },
  "products": [
    {
      "id": 1,
      "name": "Vara de Pesca Carretilha Shimano",
      "price": 459.99,
      "image": "imagens/produto-1.plain",
      "description": "Vara de pesca carretilha profissional 2,10m, ação média, ideal para água salgada",
      "category": "Varas e Carretilhas",
      "_imageFileForExport": {}
    },
    {
      "id": 2,
      "name": "Carretilha Penn Battle III 5000",
      "price": 689.99,
      "image": "imagens/produto-2.plain",
      "description": "Carretilha spinning tamanho 5000, resistente à água salgada, capacidade 270m/0.30mm",
      "category": "Varas e Carretilhas",
      "_imageFileForExport": {}
    },
    {
      "id": 3,
      "name": "Linha de Pesca Multifilamento 300m",
      "price": 89.99,
      "image": "imagens/produto-3.plain",
      "description": "Linha multifilamento 0.25mm, alta resistência, baixa elasticidade, cor verde",
      "category": "Linhas e Anzóis",
      "_imageFileForExport": {}
    },
    {
      "id": 4,
      "name": "Kit Anzóis Marinhos 50un",
      "price": 45.99,
      "image": "imagens/produto-4.plain",
      "description": "Kit com 50 anzóis marinhos tamanhos variados, aço inox, alta resistência",
      "category": "Linhas e Anzóis",
      "_imageFileForExport": {}
    },
    {
      "id": 5,
      "name": "Isca Artificial Soft Plastic 10cm",
      "price": 32.99,
      "image": "imagens/produto-5.plain",
      "description": "Isca artificial soft plastic 10cm, cor laranja/preta, ação realista",
      "category": "Iscas e Anzoladas",
      "_imageFileForExport": {}
    },
    {
      "id": 6,
      "name": "Molinetes de Pesca Profissional",
      "price": 299.99,
      "image": "imagens/produto-6.plain",
      "description": "Molinetes profissionais com rolamentos de precisão, ideal para pesca esportiva",
      "category": "Varas e Carretilhas",
      "_imageFileForExport": {}
    },
    {
      "id": 7,
      "name": "Rede de Arremesso 2.4m",
      "price": 156.99,
      "image": "imagens/produto-7.plain",
      "description": "Rede de arremesso profissional 2.4 metros, malha 20mm, flutuante",
      "category": "Redes e Acessórios",
      "_imageFileForExport": {}
    },
    {
      "id": 8,
      "name": "Caixa de Pesca Plástico 40cm",
      "price": 78.99,
      "image": "imagens/produto-8.plain",
      "description": "Caixa organizadora para equipamentos de pesca, divisórias ajustáveis",
      "category": "Acessórios",
      "_imageFileForExport": {}
    },
    {
      "id": 9,
      "name": "Cadeira de Pesca Dobrável",
      "price": 189.99,
      "image": "imagens/produto-9.plain",
      "description": "Cadeira dobrável para pesca, ajustável, com porta-vara e porta-copo",
      "category": "Conforto e Mobilidade",
      "_imageFileForExport": {}
    },
    {
      "id": 10,
      "name": "Frigorífico Portátil 50L",
      "price": 429.99,
      "image": "imagens/produto-10.plain",
      "description": "Frigorífico portátil 50 litros, conserva peixes, funciona em 12V/110V",
      "category": "Conservação",
      "_imageFileForExport": {}
    },
    {
      "id": 11,
      "name": "Kit Chumbada Pesca Fundo",
      "price": 67.99,
      "image": "imagens/produto-11.plain",
      "description": "Kit com 20 chumbadas de 30g a 100g, formato oliva, ideal para fundo",
      "category": "Acessórios",
      "_imageFileForExport": {}
    },
    {
      "id": 12,
      "name": "Isca Viva Artificial 15cm",
      "price": 42.99,
      "image": "imagens/produto-12.plain",
      "description": "Isca artificial que imita peixe vivo, 15cm, nado realista, cor prata/azul",
      "category": "Iscas e Anzoladas",
      "_imageFileForExport": {}
    },
    {
      "id": 13,
      "name": "Vara de Pesca Infantil 1.8m",
      "price": 89.99,
      "image": "imagens/produto-13.plain",
      "description": "Vara de pesca para crianças, 1.8m, kit completo com carretilha e acessórios",
      "category": "Varas e Carretilhas",
      "_imageFileForExport": {}
    },
    {
      "id": 14,
      "name": "Corta Linha Profissional",
      "price": 24.99,
      "image": "imagens/produto-14.plain",
      "description": "Corta linha profissional com afiador de anzol, aço inoxidável",
      "category": "Ferramentas",
      "_imageFileForExport": {}
    },
    {
      "id": 15,
      "name": "Agrafe de Aço Inox 100un",
      "price": 18.99,
      "image": "imagens/produto-15.plain",
      "description": "Pacote com 100 agrafes de aço inoxidável, tamanho médio, alta resistência",
      "category": "Acessórios",
      "_imageFileForExport": {}
    },
    {
      "id": 16,
      "name": "Boia de Pesca Regulável",
      "price": 12.99,
      "image": "imagens/produto-16.plain",
      "description": "Boia de pesca regulável, cor laranja fluorescente, suporta até 50g",
      "category": "Acessórios",
      "_imageFileForExport": {}
    },
    {
      "id": 17,
      "name": "Luva de Proteção para Pesca",
      "price": 56.99,
      "image": "https://images.unsplash.com/photo-1559056199-641a0ac8b55e?w=400&h=300&fit=crop",
      "description": "Luva de proteção anti-corte, ideal para manusear peixes e equipamentos",
      "category": "Vestuário e Proteção"
    },
    {
      "id": 18,
      "name": "Boné de Pesca UV Protection",
      "price": 45.99,
      "image": "https://images.unsplash.com/photo-1578662996442-48f60103fc96?w=400&h=300&fit=crop",
      "description": "Boné para pesca com proteção UV 50+, ajustável, tecido rápido secagem",
      "category": "Vestuário e Proteção"
    },
    {
      "id": 19,
      "name": "Kit Pesca Marítima Completo",
      "price": 899.99,
      "image": "https://images.unsplash.com/photo-1544551763-46a013bb70d5?w=400&h=300&fit=crop",
      "description": "Kit completo para pesca marítima: vara, carretilha, linha, anzóis e iscas",
      "category": "Kits Completos"
    },
    {
      "id": 20,
      "name": "Alicate de Pesca Multiuso",
      "price": 78.99,
      "image": "https://images.unsplash.com/photo-1559056199-641a0ac8b55e?w=400&h=300&fit=crop",
      "description": "Alicate multiuso para pesca, corta linha, remove anzol, aço inoxidável",
      "category": "Ferramentas"
    },
    {
      "id": 21,
      "name": "Isca de Pluma para Truta",
      "price": 28.99,
      "image": "https://images.unsplash.com/photo-1464207687429-7505649dae38?w=400&h=300&fit=crop",
      "description": "Isca de pluma artificial para truta, cores variadas, tamanho #12",
      "category": "Iscas e Anzoladas"
    },
    {
      "id": 22,
      "name": "Vara de Pesca Fly 2.7m",
      "price": 589.99,
      "image": "https://images.unsplash.com/photo-1578662996442-48f60103fc96?w=400&h=300&fit=crop",
      "description": "Vara para pesca fly fishing 2.7m, ação 5/6, kit com linha especial",
      "category": "Varas e Carretilhas"
    },
    {
      "id": 23,
      "name": "Mochila Tática para Pesca",
      "price": 199.99,
      "image": "https://images.unsplash.com/photo-1553062407-98eeb64c6a62?w=400&h=300&fit=crop",
      "description": "Mochila tática 40L, impermeável, múltiplos compartimentos para equipamentos",
      "category": "Acessórios"
    },
    {
      "id": 24,
      "name": "Lanterna Subaquática LED",
      "price": 129.99,
      "image": "https://images.unsplash.com/photo-1559056199-641a0ac8b55e?w=400&h=300&fit=crop",
      "description": "Lanterna subaquática LED 1000 lumens, 50m profundidade, carregável",
      "category": "Iluminação"
    },
    {
      "id": 25,
      "name": "Kit Pesca Noturna Completo",
      "price": 349.99,
      "image": "https://images.unsplash.com/photo-1544551763-46a013bb70d5?w=400&h=300&fit=crop",
      "description": "Kit para pesca noturna: vara com sinalizador, boia luminosa, lanternas",
      "category": "Kits Completos"
    }
  ],
  "exportedAt": "2025-11-30T21:09:28.544Z",
  "version": "1.0"
}