{
  "store": {
    "id": "home-sweet-home-001",
    "name": "Home Sweet Home",
    "description": "Móveis e decoração para transformar sua casa no seu lar dos sonhos",
    "primaryColor": "#d97706",
    "secondaryColor": "#92400e",
    "accentColor": "#65a30d",
    "logo": "🏠",
    "whatsapp": "+5511987654321",
    "email": "vendas@homesweethome.com.br",
    "address": "Curitiba, PR - Brasil",
    "social": {
      "instagram": "https://www.instagram.com/homesweethome/",
      "facebook": "https://www.facebook.com/homesweethome",
      "pinterest": "https://pinterest.com/homesweethome"
    },
    "features": {
      "freeShipping": true,
      "sameDayDelivery": false,
      "returns": true,
      "support": true
    }
  },
  "products": [
    {
      "id": 1,
      "name": "Sofá 3 Lugares Retrátil",
      "price": 1899.99,
      "image": "imagens/produto-1.jpg",
      "description": "Sofá 3 lugares, retrátil, espuma D28, tecido suede, apoio de braço em madeira",
      "category": "Sala de Estar",
      "imageFile": {},
      "_imageFileForExport": {}
    },
    {
      "id": 2,
      "name": "Mesa de Jantar 6 Lugares",
      "price": 1299.99,
      "image": "imagens/produto-2.webp",
      "description": "Mesa de jantar em MDF, 6 lugares, tampo 140x80cm, estrutura em metal",
      "category": "Sala de Jantar",
      "imageFile": {},
      "_imageFileForExport": {}
    },
    {
      "id": 3,
      "name": "Cama Box Casal Queen",
      "price": 899.99,
      "image": "https://images.unsplash.com/photo-1505693416388-ac5ce068fe85?w=400&h=500&fit=crop",
      "description": "Cama box queen, cabeceira estofada, estrutura reforçada, 158x198cm",
      "category": "Quarto"
    },
    {
      "id": 4,
      "name": "Escrivaninha Home Office",
      "price": 459.99,
      "image": "imagens/produto-4.jpg",
      "description": "Escrivaninha home office, 120x60cm, gaveteiro, pés em metal, design moderno",
      "category": "Escritório",
      "imageFile": {},
      "_imageFileForExport": {}
    },
    {
      "id": 5,
      "name": "Rack para TV 55\"",
      "price": 599.99,
      "image": "imagens/produto-5.jpg",
      "description": "Rack para TV até 55\", 3 portas, 2 gavetas, MDF 15mm, cor caramelo",
      "category": "Sala de Estar",
      "imageFile": {},
      "_imageFileForExport": {}
    },
    {
      "id": 6,
      "name": "Guarda-Roupa Casal 6 Portas",
      "price": 1599.99,
      "image": "imagens/produto-6.webp",
      "description": "Guarda-roupa 6 portas, espelho, gavetas, sistema anti-queda, 220x180cm",
      "category": "Quarto",
      "imageFile": {},
      "_imageFileForExport": {}
    },
    {
      "id": 7,
      "name": "Poltrona Reclinável Leitura",
      "price": 699.99,
      "image": "imagens/produto-7.avif",
      "description": "Poltrona reclinável, apoio para cabeça ajustável, tecido respirável, base giratória",
      "category": "Sala de Estar",
      "imageFile": {},
      "_imageFileForExport": {}
    },
    {
      "id": 8,
      "name": "Estante Biblioteca 5 Prateleiras",
      "price": 799.99,
      "image": "imagens/produto-8.jpg",
      "description": "Estante para livros, 5 prateleiras, MDF 18mm, suporta até 50kg por prateleira",
      "category": "Escritório",
      "imageFile": {},
      "_imageFileForExport": {}
    },
    {
      "id": 9,
      "name": "Cômoda 6 Gavetas",
      "price": 759.99,
      "image": "imagens/produto-9.jpg",
      "description": "Cômoda organizadora, 6 gavetas, cor branca, pés em metal, 120x45x80cm",
      "category": "Quarto",
      "imageFile": {},
      "_imageFileForExport": {}
    },
    {
      "id": 10,
      "name": "Mesa de Centro Oval",
      "price": 429.99,
      "image": "imagens/produto-10.webp",
      "description": "Mesa de centro oval, tampo em vidro temperado, estrutura em madeira maciça",
      "category": "Sala de Estar",
      "imageFile": {},
      "_imageFileForExport": {}
    }
  ],
  "exportedAt": "2025-11-29T03:57:53.893Z",
  "version": "1.0"
}