{
  "store": {
    "id": "casa-inteligente-001",
    "name": "Casa Inteligente",
    "description": "Eletrodomésticos inteligentes e tecnologia para seu lar",
    "primaryColor": "#3b82f6",
    "secondaryColor": "#06b6d4",
    "accentColor": "#10b981",
    "logo": "🏠",
    "whatsapp": "+5511987654321",
    "email": "contato@casainteligente.com.br",
    "address": "Rio de Janeiro, RJ - Brasil",
    "social": {
      "instagram": "https://www.instagram.com/casainteligente/",
      "facebook": "https://www.facebook.com/casainteligente",
      "website": "https://www.casainteligente.com.br"
    },
    "features": {
      "freeShipping": true,
      "sameDayDelivery": true,
      "returns": true,
      "support": true
    }
  },
  "products": [
    {
      "id": 1,
      "name": "Smart TV LED 55\" 4K UHD",
      "price": 2899.99,
      "image": "https://images.unsplash.com/photo-1593359677879-a4bb92f829d1?w=400&h=500&fit=crop",
      "description": "Smart TV 55 polegadas, 4K UHD, Android TV, HDR10, 3 HDMI",
      "category": "TV e Vídeo"
    },
    {
      "id": 2,
      "name": "Notebook Ultra Slim Intel i7",
      "price": 4299.99,
      "image": "https://images.unsplash.com/photo-1496181133206-80ce9b88a853?w=400&h=500&fit=crop",
      "description": "Notebook 14\" Intel Core i7, 16GB RAM, SSD 512GB, Windows 11",
      "category": "Informática"
    },
    {
      "id": 3,
      "name": "Smartphone Android 128GB",
      "price": 1899.99,
      "image": "https://images.unsplash.com/photo-1511707171634-5f897ff02aa9?w=400&h=500&fit=crop",
      "description": "Smartphone Android, 128GB, câmera tripla 48MP, tela 6.5\"",
      "category": "Celulares"
    },
    {
      "id": 4,
      "name": "Fone Bluetooth Noise Cancelling",
      "price": 899.99,
      "image": "https://images.unsplash.com/photo-1505740420928-5e560c06d30e?w=400&h=500&fit=crop",
      "description": "Fone over-ear com cancelamento de ruído ativo, 30h bateria",
      "category": "Áudio"
    },
    {
      "id": 5,
      "name": "Tablet 10.9\" 64GB Wi-Fi",
      "price": 2199.99,
      "image": "https://images.unsplash.com/photo-1544244015-0df4b3ffc6b0?w=400&h=500&fit=crop",
      "description": "Tablet 10.9 polegadas, 64GB, tela Retina, chip A14 Bionic",
      "category": "Tablets"
    },
    {
      "id": 6,
      "name": "Smartwatch Fitness Tracker",
      "price": 799.99,
      "image": "https://images.unsplash.com/photo-1523275335684-37898b6baf30?w=400&h=500&fit=crop",
      "description": "Smartwatch com GPS, monitor cardíaco, resistente à água",
      "category": "Wearables"
    },
    {
      "id": 7,
      "name": "Geladeira French Door 500L",
      "price": 4599.99,
      "image": "imagens/produto-7.webp",
      "description": "Geladeira French Door 500L, inverter, frost free, prata inox",
      "category": "Eletrodomésticos",
      "imageFile": {},
      "_imageFileForExport": {}
    },
    {
      "id": 8,
      "name": "Máquina de Café Expresso",
      "price": 1299.99,
      "image": "imagens/produto-8.jpg",
      "description": "Máquina de café expresso automática, cappuccino, 15 bar",
      "category": "Eletroportáteis",
      "imageFile": {},
      "_imageFileForExport": {}
    },
    {
      "id": 9,
      "name": "Aspirador Robô Inteligente",
      "price": 1499.99,
      "image": "imagens/produto-9.jpg",
      "description": "Aspirador robô com mapeamento a laser, app controle, auto-recarga",
      "category": "Casa Inteligente",
      "imageFile": {},
      "_imageFileForExport": {}
    },
    {
      "id": 10,
      "name": "Console de Videogame 1TB",
      "price": 3899.99,
      "image": "https://images.unsplash.com/photo-1606144042614-b2417e99c4e3?w=400&h=500&fit=crop",
      "description": "Console de última geração, 1TB SSD, 4K 120fps, controle sem fio",
      "category": "Games"
    }
  ],
  "exportedAt": "2025-11-29T02:25:55.149Z",
  "version": "1.0"
}